num. clusters,x,y,z,inercia
1,0.07214496409153648,-1.3526353250141814,0.15389969702316378,1.9764337704695145
2,0.0012705832205845147,-1.4906803602786052,-0.11290027219044144,0.5475062725088532
2,0.10758215452701245,-1.2836128073819695,0.28729968162996633,0.5475062725088532
3,0.0012705832205845147,-1.4906803602786052,-0.11290027219044144,6.259272319258517e-33
3,0.028715646844573485,-1.421362807139805,0.3339936336808987,6.259272319258517e-33
3,0.18644866220945144,-1.145862807624134,0.2406057295790341,6.259272319258517e-33
